{"cameraMode":{"drawMode":0,"name":"Shaded","section":"Shading Mode"},"sceneLighting":false,"audioPlay":false,"sceneViewState":{"showFog":true,"showMaterialUpdate":false,"showSkybox":false,"showFlares":true,"showImageEffects":true,"showParticleSystems":true},"in2DMode":false,"pivot":{"x":-3.5999999046325685,"y":7.983741283416748,"z":8.164811134338379},"rotation":{"x":-0.0034426513593643905,"y":0.9913050532341003,"z":-0.12890459597110749,"w":-0.0264729056507349},"size":3.896374225616455,"orthographic":false}