{"cameraMode":{"drawMode":0,"name":"Shaded","section":"Shading Mode"},"sceneLighting":false,"audioPlay":false,"sceneViewState":{"showFog":true,"showMaterialUpdate":false,"showSkybox":false,"showFlares":true,"showImageEffects":true,"showParticleSystems":true},"in2DMode":false,"pivot":{"x":0.0,"y":0.8076707124710083,"z":-0.0337972566485405},"rotation":{"x":-0.0034426513593643905,"y":0.9913050532341003,"z":-0.12890459597110749,"w":-0.0264729056507349},"size":1.7077083587646485,"orthographic":false}