{"cameraMode":{"drawMode":0,"name":"Shaded","section":"Shading Mode"},"sceneLighting":false,"audioPlay":false,"sceneViewState":{"showFog":true,"showMaterialUpdate":false,"showSkybox":false,"showFlares":true,"showImageEffects":true,"showParticleSystems":true},"in2DMode":false,"pivot":{"x":1.7468775510787964,"y":0.6318065524101257,"z":-4.609417915344238},"rotation":{"x":-0.000537617364898324,"y":0.9993956685066223,"z":-0.030300546437501909,"w":-0.01768980734050274},"size":8.072202682495118,"orthographic":false}